GCCSA_CODE_2016,P_FoodHospPersServ_Occ_Mng,P_FoodHospPersServ_Occ_Pro,P_FoodHospPersServ_Occ_TTW,P_FoodHospPersServ_Occ_CPS,P_FoodHospPersServ_Occ_CA,P_FoodHospPersServ_Occ_Sal,P_FoodHospPersServ_Occ_MOD,P_FoodHospPersServ_Occ_Lab,P_FoodHospPersServ_Occ_IDNS,P_FoodHospPersServ_Total,P_MixFieldProg_Occ_Mng,P_MixFieldProg_Occ_Pro,P_MixFieldProg_Occ_TTW,P_MixFieldProg_Occ_CPS,P_MixFieldProg_Occ_CA,P_MixFieldProg_Occ_Sal,P_MixFieldProg_Occ_MOD,P_MixFieldProg_Occ_Lab,P_MixFieldProg_Occ_IDNS,P_MixFieldProg_Total,P_FS_ID_Occ_Mng,P_FS_ID_Occ_Pro,P_FS_ID_Occ_TTW,P_FS_ID_Occ_CPS,P_FS_ID_Occ_CA,P_FS_ID_Occ_Sal,P_FS_ID_Occ_MOD,P_FS_ID_Occ_Lab,P_FS_ID_Occ_IDNS,P_FS_ID_Total,P_FS_NS_Occ_Mng,P_FS_NS_Occ_Pro,P_FS_NS_Occ_TTW,P_FS_NS_Occ_CPS,P_FS_NS_Occ_CA,P_FS_NS_Occ_Sal,P_FS_NS_Occ_MOD,P_FS_NS_Occ_Lab,P_FS_NS_Occ_IDNS,P_FS_NS_Total,P_Tot_Occ_Mng,P_Tot_Occ_Pro,P_Tot_Occ_TTW,P_Tot_Occ_CPS,P_Tot_Occ_CA,P_Tot_Occ_Sal,P_Tot_Occ_MOD,P_Tot_Occ_Lab,P_Tot_Occ_IDNS,P_Total_Total
9OTER,11,0,33,14,12,8,10,7,0,89,0,0,0,0,0,0,0,0,0,5,3,0,11,4,3,0,4,0,0,18,7,5,14,13,9,4,10,13,4,90,241,214,278,195,150,48,64,111,29,1335
99799,0,0,0,0,0,0,0,0,0,0,0,0,0,0,0,0,0,0,0,0,0,0,0,0,0,0,0,0,0,0,0,0,0,0,0,0,0,0,0,0,0,3,0,0,0,0,0,5,0,4
99499,0,0,0,0,0,0,0,0,0,0,0,0,0,0,0,0,0,0,0,0,0,0,0,0,0,0,0,0,0,0,0,0,0,0,0,0,0,0,0,0,0,3,0,4,0,0,0,0,0,8
8ACTE,656,246,2025,816,914,407,152,318,85,5611,10,18,9,13,6,13,3,30,4,105,591,676,141,311,505,94,66,94,133,2610,279,384,287,263,349,148,89,188,419,2397,26614,57086,14328,13494,23010,5442,2091,4248,3583,149895
89799,0,0,0,0,0,0,0,0,0,0,0,0,0,0,0,0,0,0,0,0,0,0,0,0,0,0,0,0,0,0,0,0,0,0,0,0,0,0,0,0,0,0,0,0,0,0,0,0,0,0
89499,0,0,0,0,3,3,0,0,0,9,0,0,0,0,0,0,0,0,0,0,0,0,0,0,0,0,0,0,0,0,0,0,0,0,0,0,0,0,3,6,11,47,11,21,29,7,3,8,9,139
7RNTE,129,60,323,193,163,92,38,100,19,1134,3,11,9,4,0,4,3,7,3,46,41,74,34,95,44,13,20,28,16,361,97,162,113,225,108,59,83,182,211,1225,2598,5731,2820,3265,2148,717,716,1287,546,19827
7GDAR,276,88,846,433,378,207,148,222,38,2639,7,7,18,11,12,3,10,31,10,109,113,124,108,183,96,27,67,60,32,814,150,116,281,180,177,117,138,207,253,1617,6519,12574,9825,5877,6132,2160,1970,2735,925,48723
79799,0,0,0,0,0,0,0,0,0,0,0,0,0,0,0,0,0,0,0,0,0,0,0,0,0,0,0,0,0,0,0,0,0,0,0,0,0,0,0,0,0,4,4,0,0,0,0,7,0,18
79499,0,0,9,4,0,0,4,7,0,24,0,0,18,3,0,0,0,0,0,20,0,0,3,0,0,0,0,3,0,9,0,0,4,0,0,0,0,3,0,11,28,102,85,54,22,12,31,54,4,387
6RTAS,534,121,1817,799,469,489,214,615,34,5092,10,10,5,6,7,8,13,15,14,90,130,158,97,93,92,48,73,84,30,801,337,167,447,304,234,273,344,535,269,2920,9687,16953,13163,9511,7466,3899,3436,5491,1101,70717
6GHOB,448,86,1559,656,469,381,126,338,50,4128,4,12,9,16,12,12,6,25,6,101,148,232,86,138,158,50,52,57,33,948,158,164,263,210,183,149,128,252,191,1699,8279,20710,10233,8480,8267,3467,1748,3036,1011,65228
69799,0,0,0,0,0,0,0,0,0,3,0,0,0,0,0,0,0,0,0,0,0,0,0,0,0,0,0,0,0,0,0,0,0,0,0,0,0,0,0,0,0,14,6,3,0,0,0,6,0,30
69499,0,0,5,3,0,0,0,0,0,6,0,0,0,0,0,0,0,0,0,0,0,0,0,0,0,0,0,0,0,0,0,0,3,0,0,0,0,3,0,6,7,45,31,22,13,4,5,23,3,149
5RWAU,988,208,2799,1139,921,710,769,1079,84,8697,26,19,44,26,22,30,20,65,8,257,194,258,251,232,152,85,310,154,61,1698,652,319,1022,558,438,417,757,920,612,5693,19205,29770,34072,15540,13725,6736,10778,11872,2288,143989
5GPER,3558,971,11796,5342,4134,3417,2015,2905,316,34455,72,68,149,127,98,113,114,226,28,1001,961,1472,1043,1016,957,456,691,544,286,7421,1142,1241,2363,1450,1417,1180,1353,1696,2090,13932,77714,189034,110405,68251,72337,35190,26630,33679,9172,622406
59799,0,0,15,0,0,0,0,7,0,23,0,0,0,0,0,0,0,0,0,0,0,0,3,0,0,0,0,0,0,3,0,0,0,0,0,0,0,0,4,8,13,78,73,0,4,0,21,55,9,250
59499,3,5,29,8,6,4,8,17,3,85,0,0,0,0,0,0,0,3,0,3,0,0,4,0,3,0,9,7,0,22,0,0,9,3,0,0,9,9,8,42,73,214,279,110,77,41,139,193,42,1169
4RSAU,732,106,2059,790,460,607,286,805,64,5912,19,10,16,17,22,10,13,61,10,176,141,112,112,104,81,40,142,132,48,903,591,230,532,425,261,347,417,778,329,3909,13889,18439,16507,12519,8691,4974,5189,8865,1303,90371
4GADE,2282,559,7860,3059,2238,2201,742,1981,192,21106,37,51,52,74,57,53,30,113,29,498,677,1044,518,727,743,335,425,398,175,5041,781,825,1360,1057,960,875,732,1194,1172,8955,47811,121148,59007,50089,46981,22994,13086,22192,5264,388573
49799,0,0,0,0,0,0,0,0,0,0,0,0,0,0,0,0,0,0,0,0,0,0,0,0,0,0,0,0,0,0,0,0,0,0,0,0,0,0,0,0,0,0,0,0,0,0,0,0,0,3
49499,3,0,6,0,0,7,0,8,0,30,0,0,0,0,0,0,0,0,0,0,3,0,0,0,0,0,0,3,0,6,0,0,3,0,0,0,8,10,3,25,35,96,77,32,34,20,36,109,7,444
3RQLD,5314,1231,15767,7602,4896,4981,2450,4953,429,47618,116,97,144,139,100,160,87,238,40,1119,1085,1265,1037,1037,981,467,943,754,268,7833,2089,1418,3263,2219,1711,1983,2104,3484,2649,20917,82759,162063,130140,84605,72732,41928,34579,47721,9529,666057
3GBRI,4103,1222,11938,6022,4691,3917,1819,3606,354,37669,86,101,106,155,182,185,94,250,35,1185,1350,1987,1079,1115,1393,569,928,761,382,9561,1359,1482,2417,1653,1791,1347,1633,2329,2638,16648,93695,226016,107311,79601,92265,42405,28291,41462,10453,721503
39799,0,0,3,0,0,0,0,0,0,5,0,0,0,0,0,0,0,0,0,0,0,0,0,0,0,0,0,0,0,0,0,0,0,0,0,0,0,0,0,0,3,7,9,0,4,3,0,4,0,33
39499,10,4,46,22,16,11,3,34,0,143,0,0,0,0,0,0,0,3,0,4,3,6,7,3,0,0,4,0,3,31,4,11,11,9,0,7,7,19,21,81,163,407,308,245,129,83,129,441,58,1957
2RVIC,2860,584,8887,3563,2438,2670,1035,3025,250,25313,57,67,46,53,41,51,39,136,21,510,865,1054,606,728,638,304,420,470,160,5254,2042,1012,2298,1526,1135,1364,1396,2507,1592,14883,57172,100018,70854,51951,39286,22056,17707,29603,5805,394456
2GMEL,8125,2305,25072,11008,8285,7594,3606,6125,703,72820,181,176,219,225,209,200,208,428,79,1922,4041,6214,2286,2932,3983,1985,1568,1481,799,25296,3282,3691,5302,3466,3589,3115,3022,3892,5408,34754,212497,486943,202552,151216,182011,93890,53522,71905,22572,1477105
29799,0,0,0,0,0,0,0,0,0,0,0,0,0,0,0,0,0,0,0,0,0,0,0,0,0,0,0,0,0,0,0,0,0,0,0,0,0,0,0,0,0,4,9,0,0,0,0,4,0,22
29499,9,3,34,8,3,3,4,6,0,75,0,0,0,0,0,0,0,0,0,0,3,4,5,7,3,3,0,6,0,34,4,5,15,4,0,0,9,14,15,66,132,367,223,181,112,65,72,142,34,1337
1RNSW,4554,1050,15537,6918,4199,4097,2195,4565,416,43530,107,111,77,123,90,109,73,224,41,951,1250,1406,1004,899,1047,414,857,752,328,7957,2740,1820,3673,2646,2190,2331,2375,3957,2658,24393,97780,184992,128310,90117,84933,40525,35415,48306,10501,720873
1GSYD,8111,2409,23558,10469,8436,6485,3243,4959,806,68473,220,219,319,338,254,266,244,499,94,2450,3562,5618,2055,2136,3433,1723,1716,1389,801,22431,3377,4132,4652,3361,4123,2973,3084,3943,6488,36141,245781,546829,198365,144994,214837,100049,56609,70514,27562,1605537
19799,0,0,4,0,0,0,0,0,0,6,0,0,0,0,0,0,0,0,0,0,0,0,0,0,0,0,0,0,0,0,0,0,0,0,0,0,0,0,3,9,0,18,14,7,11,6,7,8,3,74
19499,14,3,42,33,7,13,5,23,0,135,0,3,0,3,0,0,0,4,0,8,0,7,3,4,8,0,3,7,0,36,6,10,17,11,7,8,9,17,26,101,200,562,348,285,168,119,144,278,58,2162